name,region,tel,keyword,photo
대구 달성공원,대구 중구,053-803-7361,"['가족여행', '걷기길', '걷기여행', '관광지', '나들이', '대구달성공원', '동물원']",https://cdn.visitkorea.or.kr/img/call?cmd=VIEW&id=b48e96ef-da61-43e4-8ca4-4bc7478384b6&thumb
수성못 유원지,대구 수성구,053-666-2863,"['걷기길', '경상권', '관광지', '나들이', '데이트코스', '수성못유원지', '아이와함께']",https://cdn.visitkorea.or.kr/img/call?cmd=VIEW&id=0ecd6717-7733-48e9-a197-8a4530c58789&thumb
국채보상운동기념공원,대구 중구,053-745-6753,"['가족여행', '걷기길', '경상권', '관광지', '교과서속여행', '국채보상운동기념공원']",https://cdn.visitkorea.or.kr/img/call?cmd=VIEW&id=899393ff-7896-470a-bea6-211a3f97f868&thumb
경상감영공원,대구 중구,053-254-9404,"['가족여행', '걷기여행', '경상감영공원', '관광지', '나들이', '아이와함께', '역사유적지']",https://cdn.visitkorea.or.kr/img/call?cmd=VIEW&id=7d28b52b-cae6-4f75-b569-dcd5a820b2ea&thumb
대구수목원,대구 달서구,053-803-7270,"['가족여행', '걷기길', '관광지', '대구수목원', '데이트코스', '산책로', '산책하기좋은곳']",https://cdn.visitkorea.or.kr/img/call?cmd=VIEW&id=f29cc23e-a445-4b26-94df-39fe27f8f998&thumb
용연사(대구),대구 달성군,053-616-8846,"['관광지', '기차여행', '불교', '불교문화', '사찰', '사찰여행', '산사', '아이와함께']",https://cdn.visitkorea.or.kr/img/call?cmd=VIEW&id=66a25e93-f552-4abc-ab8f-ca770e3c5fc6&thumb
옥연지 송해공원,대구 달성군,053-746-6407,"['공원', '관광지', '대구관광명소', '송해공원', '습지생태체험', '아이와함께', '언택트관광지_100선']",https://cdn.visitkorea.or.kr/img/call?cmd=VIEW&id=bcd92f62-cd14-46e1-b2c4-8d40c465f489&thumb
김광석 길 (김광석다시그리기길),대구 중구,053-661-3328,"['19_20한국관광100선', '가족여행', '감성사진', '걷기여행', '경상권', '관광지']",https://cdn.visitkorea.or.kr/img/call?cmd=VIEW&id=5ca63ef0-7de0-407d-a146-210bf156bb5c&thumb
이월드,대구 달서구,053-620-0001,"['가족과함께', '감성사진', '관광지', '놀이공원', '놀이공원&테마파크', '놀이동산']",https://cdn.visitkorea.or.kr/img/call?cmd=VIEW&id=bc233c6a-e7c8-4317-8b35-e69ba8f47d10&thumb
안지랑 곱창골목,대구 남구,010-8852-0378,"['가족여행', '경상권', '곱창골목', '곱창맛집', '관광지', '대구가볼만한곳', '대구맛집']",https://cdn.visitkorea.or.kr/img/call?cmd=VIEW&id=addfc857-5833-4d55-b450-766feff0491d&thumb
대구앞산공원,대구 남구,053-625-0967,"['가족여행', '관광지', '나들이', '대구앞산공원', '아이와함께', '야간관광100선']",https://cdn.visitkorea.or.kr/img/call?cmd=VIEW&id=a2e42eb7-055e-4ae0-849b-72ef04ec6057&thumb
대구 근대골목(근대로의 여행),대구 중구,053-661-3327,"['19_20한국관광100선', '가족여행', '경상권', '관광지', '근대문화거리', '근대문화예술']",https://cdn.visitkorea.or.kr/img/call?cmd=VIEW&id=31193e56-3a6c-45e6-a7a9-4f1a72c1994d&thumb
사문진 주막촌,대구 달성군,053-659-4465,"['경상권', '관광지', '사문진주막촌', '시티투어', '언택트관광지_100선', '영화&드라마촬영지']",https://cdn.visitkorea.or.kr/img/call?cmd=VIEW&id=7ddba106-5dcc-4479-b767-d12f8cf07307&thumb
아양기찻길,대구 동구,053-627-8986,"['걷기좋은길', '경상권', '관광지', '근대산업유산', '데이트', '드라이브', '드라이브여행']",https://cdn.visitkorea.or.kr/img/call?cmd=VIEW&id=9591308a-8b15-4c5f-ae3f-5966487023ac&thumb
도동서원 [유네스코 세계문화유산],대구 달성군,053-668-3162,"['관광지', '역사', '역사공부', '역사관광지', '역사를품은곳', '역사문화재', '역사속']",https://cdn.visitkorea.or.kr/img/call?cmd=VIEW&id=a45b667f-8b66-463d-acaf-9a91ea490862&thumb
팔공산 케이블카,대구 동구,053-982-8803,"['가족여행', '경상권', '관광지', '사계절', '연인과함께', '자연', '자연좋은곳', '전망좋은곳']",https://cdn.visitkorea.or.kr/img/call?cmd=VIEW&id=d5e296cc-a83b-4b7c-9d7d-d3e27af05223&thumb
고산골 메타쉐콰이어길,대구 남구,053-664-2852,"['걷기코스', '고산골메타쉐콰이어길', '관광지', '대구', '등산', '자연', '트레킹']",https://cdn.visitkorea.or.kr/img/call?cmd=VIEW&id=40b8ca96-162e-458d-a3da-ef6b9bf1155b&thumb
팔공산자연공원(동화사지구),대구 동구,053-939-0080,"['가족과함께', '관광지', '동화사', '자연', '자연관광지', '자연속으로', '자연여행']",https://cdn.visitkorea.or.kr/img/call?cmd=VIEW&id=6e419f10-83ff-43e9-a1ab-b4798e45eb56&thumb
동촌유원지,대구 동구,053-662-2865,"['가족과함께', '관광지', '대구시민', '드라이브코스', '산책코스', '산책하기좋은곳']",https://cdn.visitkorea.or.kr/img/call?cmd=VIEW&id=187dd0d4-c016-44c3-9b55-51eede791bc7&thumb
바운스 트램폴린파크(대구신세계점),대구 동구,053-661-1780,"['관광지', '레포츠체험', '미세먼지_피하는_실내여행', '바운스트램폴린파크']",https://cdn.visitkorea.or.kr/img/call?cmd=VIEW&id=d01a85d3-2063-4ec5-9210-b7f1a1059ab0&thumb
북지장사(대구),대구 동구,053-985-5217,"['경상권', '관광지', '북지장사', '불교문화', '사찰', '사찰여행', '역사', '연중무휴']",https://cdn.visitkorea.or.kr/img/call?cmd=VIEW&id=f4629734-812a-4988-85b7-3bca033f8a60&thumb
부인사(대구),대구 동구,053-982-5006,"['가족여행', '경상권', '관광지', '부인사(대구)', '불교', '불교문화', '사찰', '사찰&산사']",https://cdn.visitkorea.or.kr/img/call?cmd=VIEW&id=da6e6d59-d61b-4e85-8b99-d2ca096b71db&thumb
동화사(대구),대구 동구,053-980-7900,"['가족여행', '관광지', '교과서속여행', '동화사', '사찰&산사', '아이와함께', '역사']",https://cdn.visitkorea.or.kr/img/call?cmd=VIEW&id=a1255055-bd4d-4ef2-a951-26972998d2c9&thumb
서봉사,대구 남구,053-472-4814,"['관광지', '불교', '불교문화', '사찰', '사찰여행', '역사', '자연속으로', '자연환경']",https://cdn.visitkorea.or.kr/img/call?cmd=VIEW&id=e41872e1-1c67-4f0c-bd5b-15aa16929973&thumb
대구 옻골마을,대구 동구,053-627-8906,"['가족여행', '걷기길', '경상권', '관광지', '농촌체험', '대구옻골마을', '역사', '자연마을']",https://cdn.visitkorea.or.kr/img/call?cmd=VIEW&id=503cdaeb-3e05-4284-a13b-faba1927ae8a&thumb
대견사,대구 달성군,053-746-0020,"['관광지', '역사', '역사공부', '역사관광지', '역사를품은곳', '역사를품은곳', '역사문화재']",https://cdn.visitkorea.or.kr/img/call?cmd=VIEW&id=d06da3ad-9645-46d7-bfc7-13e789b1a122&thumb
마비정 벽화마을,대구 달성군,053-633-6407,"['가족여행', '경상권', '관광지', '마비정벽화마을', '사진찍기좋은곳', '산책하기좋은곳']",https://cdn.visitkorea.or.kr/img/call?cmd=VIEW&id=fd1df497-a53a-4021-a177-09f9c92168ed&thumb
이월드 83타워,대구 달서구,053-620-0001,"['가족여행', '경상권', '관광지', '데이트코스', '도심여행', '미세먼지_피하는_실내여행']",https://cdn.visitkorea.or.kr/img/call?cmd=VIEW&id=415873ec-7fb7-495f-879f-cdb2dc3121b9&thumb
육신사,대구 달성군,053-668-3162,"['경상권', '관광지', '역사', '역사공부', '역사관광지', '역사를품은곳', '역사문화재']",https://cdn.visitkorea.or.kr/img/call?cmd=VIEW&id=7f1d62d7-63ba-43db-8200-3c4ed455cdb4&thumb
EBS 리틀소시움,대구 북구,1899-7337,"['EBS리틀소시움', '겨울방학가볼만한곳', '경상권', '관광지', '놀이동산&테마파크']",https://cdn.visitkorea.or.kr/img/call?cmd=VIEW&id=42bc6488-fffc-4bf0-bf83-79d842ebafd9&thumb
대구 불로동 고분군,대구 동구,053-662-4103,"['가족여행', '경상권', '관광지', '대구불로동고분군', '사적', '역사', '역사공부']",https://cdn.visitkorea.or.kr/img/call?cmd=VIEW&id=bc14e26e-ad3b-4892-ad35-d770cbe09177&thumb
대구 평화시장 닭똥집 골목,대구 동구,,"['가족여행', '걷기좋은길', '경상권', '관광지', '대구평화시장닭똥집골목', '데이트코스']",https://cdn.visitkorea.or.kr/img/call?cmd=VIEW&id=02bed4a9-0dde-43ba-8e5b-e772c261eaea&thumb
앞산전망대 (앞산케이블카),대구 남구,053-656-2994,"['가족과함께', '경치좋은곳', '경치좋은곳', '관광지', '데이트장소', '아이와함께']",https://cdn.visitkorea.or.kr/img/call?cmd=VIEW&id=9e2e05e5-521b-4390-88ee-9c249ffe98db&thumb
대구 계산동성당,대구 중구,053-254-2300,"['경상권', '관광지', '교과서속여행', '근대문화유산', '대구계산동성당', '역사']",https://cdn.visitkorea.or.kr/img/call?cmd=VIEW&id=a06b3fea-6108-46b4-93ec-cb8668461639&thumb
대구 오토바이골목,대구 중구,053-627-1337,"['골목여행', '골목투어', '관광지', '남녀노소', '대구가볼만한곳', '대구거리', '대구광역시']",https://cdn.visitkorea.or.kr/img/call?cmd=VIEW&id=212e0282-74e0-4665-b1a8-2ed7f7b1f6d3&thumb
대구 스파밸리,대구 달성군,1688-8511,"['경상권', '관광지', '남녀노소', '사우나', '스파', '스파밸리', '아이와함께', '연인과함께']",https://cdn.visitkorea.or.kr/img/call?cmd=VIEW&id=d4d19271-e006-4862-ac70-763eb9e6e18d&thumb
대구두류공원,대구 달서구,053-803-7481,"['가족여행', '관광지', '나들이', '대구두류공원', '아이와함께', '야경투어', '연인과함께']",https://cdn.visitkorea.or.kr/img/call?cmd=VIEW&id=ae9c46d7-7dc4-4e39-8c98-151bba439a53&thumb
대구시민안전테마파크,대구 동구,053-980-7777,"['경상권', '관광지', '대구시민안전테마파크', '미세먼지_피하는_실내여행', '아이와함께']",https://cdn.visitkorea.or.kr/img/call?cmd=VIEW&id=429e9391-c220-40a5-ba11-c6cbde70bb10&thumb
안일사(대구),대구 남구,053-655-0225,"['경상권', '관광지', '불교', '불교문화', '사찰', '사찰여행', '안일사', '역사', '연중무휴']",https://cdn.visitkorea.or.kr/img/call?cmd=VIEW&id=2ab7cce4-792e-4da9-9b7a-694fdd57615d&thumb
땅땅랜드(대구 봉무동),대구 동구,053-721-7599,"['가족과함께', '가족체험', '관광지', '남녀노소', '대구치맥페스티벌', '복합문화공간']",https://cdn.visitkorea.or.kr/img/call?cmd=VIEW&id=e5e458e0-adb6-4620-a83b-731de6b1235e&thumb
이상화 고택,대구 중구,053-256-3762,"['고택', '관광지', '문학', '시문학', '시인', '아이와함께', '역사', '역사공부', '역사관광지']",https://cdn.visitkorea.or.kr/img/call?cmd=VIEW&id=9b909039-77d3-438d-aa6d-60f617cdcad1&thumb
성화사,대구 달서구,053-625-9030,"['경상권', '관광지', '불교', '불교문화', '사찰여행', '성화사', '역사', '연중무휴']",https://cdn.visitkorea.or.kr/img/call?cmd=VIEW&id=d8d7990d-c461-46f3-bb67-eea6cc97c8f6&thumb
서부 오미(味)가미(味)거리,대구 서구,053-567-5888,"['가족과함께', '가족여행', '경상권', '관광지', '맛집여행', '서부시장프랜차이즈특화거리']",https://cdn.visitkorea.or.kr/img/call?cmd=VIEW&id=b5d99a63-2677-4930-85bb-0202e70a89e6&thumb
고산골,대구 남구,053-664-2852,"['가족여행', '경상권', '경치여행', '경치좋은곳', '고산골', '관광지', '데이트코스']",https://cdn.visitkorea.or.kr/img/call?cmd=VIEW&id=cb08d367-ce06-4a6d-994a-61739829a46d&thumb
대구 하중도,대구 북구,053-627-1337,"['관광지', '자연']",https://cdn.visitkorea.or.kr/img/call?cmd=VIEW&id=f4e4270e-3a5d-483a-ad70-d4d934a6b7ca&thumb
디아크문화관,대구 달성군,053-585-0916,"['경상권', '관광지', '디아크문화관', '산업관광', '아이와함께', '연인과함께', '이색체험']",https://cdn.visitkorea.or.kr/img/call?cmd=VIEW&id=06481de7-f3d9-441d-afc0-d46df051e14d&thumb
신숭겸장군유적,대구 동구,053-981-6407,"['경상권', '관광지', '사계절', '신숭겸장군유적', '아이와함께', '역사', '역사공부']",https://cdn.visitkorea.or.kr/img/call?cmd=VIEW&id=c2a1459d-8390-452d-8043-47c7644373e2&thumb
대구 진골목,대구 중구,053-661-2624,"['관광지', '대구가볼만한곳', '산책하기', '산책하기좋은곳', '역사공부', '역사를품은곳']",https://cdn.visitkorea.or.kr/img/call?cmd=VIEW&id=c64e1194-27a5-49d7-8ea3-cf09f2a53bdd&thumb
비슬산자연휴양림,대구 달성군,053-659-4400,"['가족여행', '걷기길', '경상권', '관광지', '등산', '등산로', '비슬산', '비슬산자연휴양림']",https://cdn.visitkorea.or.kr/img/call?cmd=VIEW&id=369872d5-0aac-4649-b6e4-24b8d7583e2e&thumb
대구 약령시 한의약박물관,대구 중구,053-253-3359,"['경상권', '관광지', '대구약령시한의약박물관', '박물관', '산업관광', '산업관광지']",https://cdn.visitkorea.or.kr/img/call?cmd=VIEW&id=5c46d076-8bf0-44f4-90fd-b799e2e100b7&thumb
아이니테마파크(대구 스타디움점),대구 수성구,053-792-7600,"['경상권', '관광지', '동물원', '미세먼지_피하는_실내여행', '실내관광지', '실내놀이터']",https://cdn.visitkorea.or.kr/img/call?cmd=VIEW&id=b398f260-aed8-4342-a769-ccbaeca6172c&thumb
선교사스윗즈주택,대구 중구,053-661-2193,"['가족여행', '경상권', '관광지', '대구광역시유형문화재', '선교사스윗즈주택']",https://cdn.visitkorea.or.kr/img/call?cmd=VIEW&id=490df03a-6d48-4ba5-ae2f-036ce140e27c&thumb
녹동서원,대구 달성군,053-668-3162,"['가족여행', '경상권', '관광지', '녹동서원', '역사', '역사공부', '역사관광지', '역사를품은곳']",https://cdn.visitkorea.or.kr/img/call?cmd=VIEW&id=4e5a3b25-005d-45fd-84fe-1cb36f1d15b3&thumb
대구 중구 골목투어버스 (청라버스),대구 중구,053-255-0531,"['가족과함께', '골목투어', '관광지', '대구근대골목투어', '데이트코스', '버스여행']",https://cdn.visitkorea.or.kr/img/call?cmd=VIEW&id=a6d5b438-9262-47f7-b2e7-f9db9a8646f8&thumb
인동촌 아나고골목,대구 서구,053-663-2346,"['경상권', '관광지', '맛집골목', '맛집탐방', '보양식', '부모님과함께', '아나고골목']",https://cdn.visitkorea.or.kr/img/call?cmd=VIEW&id=de72693b-0156-4288-905d-7b0ff25ac3a5&thumb
팔공산온천관광호텔(온천),대구 동구,053-985-8080,"['가족여행', '관광지', '스파', '연중무휴', '온천', '팔공산온천관광호텔(온천)']",https://cdn.visitkorea.or.kr/img/call?cmd=VIEW&id=ab26cc77-e6b3-4b54-8b5e-06480e79bf1d&thumb
금용사(대구),대구 달서구,053-628-5404,"['관광지', '불교', '불교문화', '사찰', '사찰여행', '역사', '자연속으로', '자연환경']",https://cdn.visitkorea.or.kr/img/call?cmd=VIEW&id=e8748dfa-a6ff-4041-b199-654e18f80259&thumb
달성하목정,대구 달성군,053-668-3162,"['경상권', '경상북도유형문화재', '관광지', '달성하목정', '역사', '역사공부', '역사관광지']",https://cdn.visitkorea.or.kr/img/call?cmd=VIEW&id=9599f6a3-7235-46e0-a591-5be13275d9b3&thumb
이천동 99계단 벽화마을,대구 남구,053-664-3253,"['SNS감성사진', '감성사진', '관광지', '데이트', '데이트코스', '벽화마을', '사진찍기']",https://cdn.visitkorea.or.kr/img/call?cmd=VIEW&id=b96fc58a-8048-40ab-ac80-d9ab659cfc61&thumb
대구향교,대구 중구,053-422-8700,"['관광지', '대구향교', '아이와함께', '역사', '역사공부', '역사관광지', '역사를품은곳']",https://cdn.visitkorea.or.kr/img/call?cmd=VIEW&id=48476d1d-d945-4448-b71b-36d16cc75738&thumb
대구 달성습지,대구 달성군,053-592-8852,"['경상권', '관광지', '달성습지', '습지', '자연']",https://cdn.visitkorea.or.kr/img/call?cmd=VIEW&id=dd9c5ac9-361a-4a67-b548-d46551e41830&thumb
대구 도동 측백나무 숲,대구 동구,053-662-2363,"['관광지', '자연']",https://cdn.visitkorea.or.kr/img/call?cmd=VIEW&id=c73fe71e-5b0f-47dd-8874-7ec6659520cf&thumb
관음사(대구),대구 동구,053-984-9940,"['경상권', '관광지', '관음사', '불교', '불교문화', '사찰', '사찰여행', '역사', '연중무휴']",https://cdn.visitkorea.or.kr/img/call?cmd=VIEW&id=5b0451db-0349-4073-b580-8071f3326133&thumb
낙빈서원,대구 달성군,053-668-3162,"['관광지', '역사', '역사공부', '역사관광지', '역사를품은곳', '역사문화재', '역사속']",https://cdn.visitkorea.or.kr/img/call?cmd=VIEW&id=d6ca98e3-571c-443e-a638-214af6858d23&thumb
서상돈 고택,대구 중구,053-256-3762,"['경상권', '관광지', '서상돈고택', '역사', '역사공부', '역사관광지', '역사를품은곳']",https://cdn.visitkorea.or.kr/img/call?cmd=VIEW&id=4dce5789-67b1-4da1-86c2-a609abfbab5b&thumb
모명재,대구 수성구,053-666-4927,"['경상권', '관광지', '모명재', '역사', '역사공부', '역사관광지', '역사를품은곳']",https://cdn.visitkorea.or.kr/img/call?cmd=VIEW&id=b8e94bd1-a12b-494c-97f4-af2b03e65876&thumb
팔공산자연공원(파계사지구),대구 동구,053-939-0080,"['관광지', '자연']",https://cdn.visitkorea.or.kr/img/call?cmd=VIEW&id=5900efd5-54fe-48d2-b143-b1957d3c56fe&thumb
공룡공원,대구 남구,053-664-2174,"['가족과함께', '가족나들이', '고산골', '공룡공원', '관광지', '산책길', '산책하기']",https://cdn.visitkorea.or.kr/img/call?cmd=VIEW&id=a672b82e-71bd-42f7-b712-183d268e6570&thumb
상리공원,대구 서구,053-663-2867,"['경상권', '공원', '관광지', '산책길', '산책로', '산책하기', '산책하기좋은곳', '상리공원']",https://cdn.visitkorea.or.kr/img/call?cmd=VIEW&id=76e3bec6-2367-4ec5-aeb0-c9db773f2bdd&thumb
파계사,대구 동구,053-984-4550,"['가족여행', '관광지', '불교', '불교문화', '불교사찰', '사찰', '사찰&산사', '사찰여행']",https://cdn.visitkorea.or.kr/img/call?cmd=VIEW&id=9abe7ff0-72c4-471d-af8c-8b589bce194e&thumb
관문시장,대구 남구,053-627-2610,"['가족여행', '경상권', '관광지', '관문시장', '기차여행', '나들이', '나홀로여행']",https://cdn.visitkorea.or.kr/img/call?cmd=VIEW&id=00201d40-943a-4b04-b589-0938a716cdb5&thumb
가창 찐빵 골목,대구 달성군,,"['가창찐빵골목', '경상권', '관광지', '남녀노소', '맛집골목', '먹거리', '미식여행']",https://cdn.visitkorea.or.kr/img/call?cmd=VIEW&id=d93d3b56-6575-413a-bf3b-5b2a3b4176ae&thumb
읍내동 마애불상,대구 북구,053-665-4326,"['경상권', '관광지', '역사', '역사공부', '역사관광지', '역사를품은곳', '역사문화재']",https://cdn.visitkorea.or.kr/img/call?cmd=VIEW&id=3ae45f05-c284-4900-a921-0b3ef35c709f&thumb
남평문씨본리세거지,대구 달성군,053-668-3162,"['관광지', '역사', '역사공부', '역사관광지', '역사를품은곳', '역사문화재', '역사속']",https://cdn.visitkorea.or.kr/img/call?cmd=VIEW&id=5476afa0-88e7-4e79-9e28-9ce540d4d014&thumb
와룡산(대구),대구 달서구,053-667-3782,"['관광지', '자연']",https://cdn.visitkorea.or.kr/img/call?cmd=VIEW&id=a6d3e791-d8ba-4c95-a37e-784f050c5b91&thumb
대구 봉덕시장,대구 남구,053-471-2849,"['가족여행', '경상권', '관광지', '기차여행', '나들이', '나홀로여행', '대구봉덕시장']",https://cdn.visitkorea.or.kr/img/call?cmd=VIEW&id=c2787551-b61e-488e-87ef-cf30b3243daa&thumb
대구 녹색에너지체험관,대구 달서구,053-580-7939,"['관광지', '대구녹색에너지체험관', '박물관', '산업관광', '신재생에너지', '아이와함께']",https://cdn.visitkorea.or.kr/img/call?cmd=VIEW&id=870d57ad-0e9b-47e6-b3d8-978bab3e003f&thumb
대구경북디자인센터,대구 동구,053-740-0016,"['견학', '경상권', '관광지', '교육여행', '교육프로그램', '대구경북디자인센터']",https://cdn.visitkorea.or.kr/img/call?cmd=VIEW&id=d9531f84-c531-419b-bf12-8855f6ccd12f&thumb
영남제일관,대구 수성구,053-666-4927,"['가족여행', '경상권', '고궁', '관광지', '교과서속여행', '사계절', '아이와함께']",https://cdn.visitkorea.or.kr/img/call?cmd=VIEW&id=a4401d78-72ff-47d8-b2dd-7f7ee32c292d&thumb
달성 삼가헌 고택,대구 달성군,053-668-3162,"['가족여행', '경상권', '관광지', '달성삼가헌고택', '문화재', '역사', '역사공부']",https://cdn.visitkorea.or.kr/img/call?cmd=VIEW&id=be0f0fd4-2475-4362-8a88-9748a3972924&thumb
용문사(대구),대구 달성군,053-631-9390,"['관광지', '불교', '불교문화', '사찰', '사찰여행', '역사', '자연속으로', '자연환경']",https://cdn.visitkorea.or.kr/img/call?cmd=VIEW&id=null&thumb
운흥사(대구),대구 달성군,053-768-3882,"['경상권', '관광지', '불교', '불교문화', '사찰', '사찰여행', '역사', '연중무휴', '운흥사']",https://cdn.visitkorea.or.kr/img/call?cmd=VIEW&id=e4e1b68e-baaf-4a5a-95ad-73ac67f513f5&thumb
감삼못공원,대구 서구,053-663-2867,"['공원', '관광지', '노인', '산책', '산책길', '산책하기', '산책하기좋은곳', '쉼터']",https://cdn.visitkorea.or.kr/img/call?cmd=VIEW&id=74e89b6f-d93d-426d-b597-dd9bee42026c&thumb
들안길먹거리타운,대구 수성구,053-627-1337,"['겨울음식', '관광지', '대구가볼만한곳', '맛집골목', '맛집탐방', '먹자골목', '수제음식']",https://cdn.visitkorea.or.kr/img/call?cmd=VIEW&id=4768c6f1-f66f-4133-8795-c3b8fb4f5314&thumb
홍의장군 곽망우당 묘소,대구 달성군,053-668-3162,"['관광지', '역사', '역사공부', '역사관광지', '역사를품은곳', '역사문화재', '역사속']",https://cdn.visitkorea.or.kr/img/call?cmd=VIEW&id=4c4f5cfd-8d07-4061-bc99-def96ace3ebc&thumb
동산청라언덕,대구 중구,053-627-1337,"['관광지', '대구가볼만한곳', '대구근대골목', '대구근대골목투어', '대구여행']",https://cdn.visitkorea.or.kr/img/call?cmd=VIEW&id=973d3e95-d09f-49b1-af21-8d4e201ac9bd&thumb
인흥마을,대구 달성군,053-668-3162,"['가족여행', '경상권', '관광지', '역사', '역사공부', '역사관광지', '역사를품은곳']",https://cdn.visitkorea.or.kr/img/call?cmd=VIEW&id=f4b7e26f-766c-4af3-aaf6-fbd0a7a01ae7&thumb
봉산문화거리,대구 중구,053-425-6845,"['관광지', '남녀노소', '문화거리', '문화예술', '문화예술공간', '문화예술활동']",https://cdn.visitkorea.or.kr/img/call?cmd=VIEW&id=369a3660-3efa-4ee6-b0b3-861dc1e6ff2b&thumb
앞산카페거리,대구 남구,053-627-1337,"['가족과함께', '가족나들이', '관광지', '대구앞산', '데이트장소추천', '앞산카페거리']",https://cdn.visitkorea.or.kr/img/call?cmd=VIEW&id=9ce750e2-ebed-4eba-b55d-743b1bbcd883&thumb
대구제일교회,대구 중구,053-253-2615,"['경상권', '관광지', '교과서속여행', '근대문화유산', '대구제일교회', '역사', '역사공부']",https://cdn.visitkorea.or.kr/img/call?cmd=VIEW&id=4d294a4d-9392-42e9-8b78-8011ea5453ca&thumb
칠곡향교대성전,대구 북구,053-665-4326,"['경상권', '관광지', '교과서속여행', '문화재', '역사', '역사공부', '역사관광지']",https://cdn.visitkorea.or.kr/img/call?cmd=VIEW&id=92f213bd-bc16-4f24-a817-8c2258923b09&thumb
현풍석빙고(상리석빙고),대구 달성군,053-668-3162,"['경상권', '관광지', '보물', '상리석빙고', '역사', '역사공부', '역사관광지', '역사를품은곳']",https://cdn.visitkorea.or.kr/img/call?cmd=VIEW&id=de06468d-8ce5-4051-8563-1af7715cc83b&thumb
대구섬유박물관,대구 동구,053-980-1004,"['관광지', '대구섬유박물관', '박물관', '산업관광', '산업관광지', '섬유박물관']",https://cdn.visitkorea.or.kr/img/call?cmd=VIEW&id=ad1785ac-a450-4f56-bc72-f58139d5bf4d&thumb
소재사(대구),대구 달성군,053-614-6637,"['경상권', '관광지', '불교', '불교문화', '사찰', '사찰여행', '소재사', '역사', '역사유적지']",https://cdn.visitkorea.or.kr/img/call?cmd=VIEW&id=0dd8b3e2-574e-4148-b463-3d41247d7f59&thumb
낙동서원,대구 달서구,053-667-2194,"['경상권', '관광지', '교과서속여행', '낙동서원', '서원', '역사', '역사공부', '역사관광지']",https://cdn.visitkorea.or.kr/img/call?cmd=VIEW&id=82f67858-5de0-4967-abbd-c2b5523b06fb&thumb
대구 구 동촌역사,대구 동구,053-662-2361,"['건축물여행', '관광지', '사진찍기', '사진찍기좋은곳', '사진촬영', '사진촬영명소']",https://cdn.visitkorea.or.kr/img/call?cmd=VIEW&id=3bfd6872-b584-4ee5-b86c-0da8d0814ef9&thumb
대성사(대구),대구 중구,053-256-9651,"['관광지', '불교', '불교문화', '사찰', '사찰여행', '역사', '자연속으로', '자연환경']",https://cdn.visitkorea.or.kr/img/call?cmd=VIEW&id=null&thumb
비슬산 유가사,대구 달성군,053-614-5115,"['가족여행', '경상권', '관광지', '불교', '불교사찰', '비슬산유가사', '사찰', '사찰여행']",https://cdn.visitkorea.or.kr/img/call?cmd=VIEW&id=c09faea2-9e88-4bec-bc1c-b31d0d56e7df&thumb
한국뇌연구원,대구 동구,053-980-8231,"['견학', '경상권', '관광지', '산업관광', '첨단IT산업', '체험학습', '한국뇌연구원']",https://cdn.visitkorea.or.kr/img/call?cmd=VIEW&id=d111a04a-4465-4c3c-954a-6a3394489813&thumb
반고개 무침회 골목,대구 서구,053-663-2752,"['골목식당', '관광지', '맛집탐방', '먹자골목', '먹자골목', '먹자골목', '숨은맛집']",https://cdn.visitkorea.or.kr/img/call?cmd=VIEW&id=700536b3-a63f-45b7-a7bb-cfaf4e246413&thumb
운암지 수변공원,대구 북구,053-665-2863,"['걷기길', '경상권', '관광지', '산책길', '산책하기', '산책하기좋은곳', '운암지수변공원']",https://cdn.visitkorea.or.kr/img/call?cmd=VIEW&id=ed8bc1fe-8431-48d3-8a35-4a5f30b01285&thumb
팔공산자연공원(갓바위지구),대구 동구,053-939-0080,"['관광지', '자연']",https://cdn.visitkorea.or.kr/img/call?cmd=VIEW&id=11659e22-dffd-4313-b089-260209fae69f&thumb
현풍 500년 느티나무 테마공원,대구 달성군,053-615-0337,"['가족여행', '걷기길', '경상권', '관광지', '산책길', '산책하기', '산책하기좋은곳']",https://cdn.visitkorea.or.kr/img/call?cmd=VIEW&id=f68b88c7-b6f7-45e9-96d8-8ae7037e997d&thumb
수성구 관광정보체험센터,대구 수성구,053-666-4881,"['관광지', '교육여행', '교육프로그램', '남녀노소', '아이와함께', '이색체험', '체험']",https://cdn.visitkorea.or.kr/img/call?cmd=VIEW&id=cd515b01-cd1b-49a2-8a02-c5965ecc0d9e&thumb
능성세가,대구 북구,053-665-4326,"['경상권', '고택', '관광지', '능성세가', '역사', '역사공부', '역사관광지', '역사를품은곳']",https://cdn.visitkorea.or.kr/img/call?cmd=VIEW&id=28bb0ce9-96c9-44f7-bd05-c69329f84c33&thumb
경북동해안지질공원(영덕),대구 북구,053-950-7996,"['걷기길', '경북동해안지질공원', '경상권', '관광지', '생태관광', '생태관광지']",https://cdn.visitkorea.or.kr/img/call?cmd=VIEW&id=14c8a59c-cc8a-4bab-808a-a7f8fe636d6a&thumb
관덕정,대구 남구,053-606-8240,"['관광지', '역사공부', '역사관광지', '역사를품은곳', '역사문화', '역사문화재']",https://cdn.visitkorea.or.kr/img/call?cmd=VIEW&id=1b7c1bb0-d0ae-4742-9196-beb5ea17b640&thumb
백련사(대구),대구 달서구,053-653-4324,"['경상권', '관광지', '백련사', '불교', '불교문화', '불교사찰', '사찰', '사찰여행']",https://cdn.visitkorea.or.kr/img/call?cmd=VIEW&id=da22af0f-3723-4551-bfd6-538a9eecca20&thumb
비슬산 군립공원,대구 달성군,053-614-5481,"['관광지', '자연']",https://cdn.visitkorea.or.kr/img/call?cmd=VIEW&id=e0221a01-87bf-4b20-8376-b8caa57d9127&thumb
관암사(대구),대구 동구,053-982-0505,"['경상권', '관광지', '관암사', '불교', '불교문화', '사찰', '사찰여행', '역사', '역사유적지']",https://cdn.visitkorea.or.kr/img/call?cmd=VIEW&id=11c786eb-2806-40a6-8fc7-0d6c0b3d1c12&thumb
옹기종기행복마을,대구 동구,053-627-1337,"['경상권', '골목길', '관광지', '문화거리', '벽화', '산책길', '산책하기', '산책하기좋은곳']",https://cdn.visitkorea.or.kr/img/call?cmd=VIEW&id=b9a1d64a-dff4-4e2d-a760-1e1cfbd7fff7&thumb
은적사(대구),대구 남구,053-653-1572,"['가족여행', '경상권', '관광지', '불교', '불교문화', '사찰', '사찰&산사', '역사']",https://cdn.visitkorea.or.kr/img/call?cmd=VIEW&id=66b1d2a5-4a65-4130-8c36-89a6b9ce9b01&thumb
선교사블레어주택,대구 중구,053-661-2193,"['가족과함께', '관광지', '선교사', '아이와함께', '역사', '역사공부', '역사관광지']",https://cdn.visitkorea.or.kr/img/call?cmd=VIEW&id=c6208cf4-b7e4-46d5-8342-988c1e9c6462&thumb
구천서원(대구),대구 북구,053-665-4326,"['경상권', '관광지', '교과서속여행', '구천서원', '서원', '역사', '역사공부', '역사관광지']",https://cdn.visitkorea.or.kr/img/call?cmd=VIEW&id=7a6cba2e-53f5-45bd-bfa4-097455c72119&thumb
화장사(대구),대구 달성군,053-632-5516,"['경상권', '관광지', '불교', '불교문화', '사찰', '사찰여행', '역사', '자연속으로']",https://cdn.visitkorea.or.kr/img/call?cmd=VIEW&id=d3ecc23f-708b-498e-ac21-cc207f5503de&thumb
진영P&T,대구 서구,053-350-3114,"['견학', '경상권', '관광지', '교육여행', '교육체험', '교육프로그램', '산업관광']",https://cdn.visitkorea.or.kr/img/call?cmd=VIEW&id=5bd259dd-f379-4e62-b16d-c0edc8da70c1&thumb
환성정,대구 북구,053-665-4326,"['경상권', '관광지', '교과서속여행', '역사', '역사공부', '역사관광지', '역사를품은곳']",https://cdn.visitkorea.or.kr/img/call?cmd=VIEW&id=227a672e-62f0-4e7d-8ac7-4714fdb293bf&thumb
용강서원,대구 달서구,053-668-3162,"['경상권', '관광지', '교과서속여행', '서원', '역사', '역사공부', '역사관광지', '역사를품은곳']",https://cdn.visitkorea.or.kr/img/call?cmd=VIEW&id=c7f304a7-29f1-41ed-b9a8-a920775488bb&thumb
"현풍장 (5, 10일)",대구 달성군,053-668-2645,"['가족여행', '경상권', '관광지', '기차여행', '나들이', '나홀로여행', '먹거리', '쇼핑']",https://cdn.visitkorea.or.kr/img/call?cmd=VIEW&id=24835e48-ba26-4bdb-916e-6c10dcd5fef7&thumb
예연서원,대구 달성군,053-668-3162,"['경상권', '관광지', '대구광역시시도기념물', '역사', '역사공부', '역사관광지']",https://cdn.visitkorea.or.kr/img/call?cmd=VIEW&id=f4cfc269-1794-4d41-8eb0-8b76d4366717&thumb
팔거산성,대구 북구,053-665-4326,"['경상권', '관광지', '교과서속여행', '기념물', '역사', '역사관광지', '역사를품은곳']",https://cdn.visitkorea.or.kr/img/call?cmd=VIEW&id=b844a8ee-9357-4c8c-ab3f-b4148bfef265&thumb
동인찜갈비골목,대구 중구,053-627-1337,"['관광지', '남녀노소', '돼지갈비찜', '맛집투어', '먹자골목', '숨은맛집', '왕갈비']",https://cdn.visitkorea.or.kr/img/call?cmd=VIEW&id=76e51cf7-8587-4244-8e09-dd1996a56d63&thumb
송계당,대구 북구,053-665-4326,"['경상권', '관광지', '교과서속여행', '송계당', '역사', '역사공부', '역사관광지']",https://cdn.visitkorea.or.kr/img/call?cmd=VIEW&id=e7e3f79d-b974-456b-8479-c2f05a177d75&thumb
병암서원,대구 달서구,053-581-4129,"['관광지', '역사', '역사공부', '역사관광지', '역사를품은곳', '역사문화', '역사문화재']",https://cdn.visitkorea.or.kr/img/call?cmd=VIEW&id=a1206821-87f3-4097-bac2-77b569fdeeff&thumb
묘골마을,대구 달성군,053-668-2482,"['가족여행', '경상권', '관광지', '묘골마을', '역사', '역사공부', '역사관광지', '역사를품은곳']",https://cdn.visitkorea.or.kr/img/call?cmd=VIEW&id=6666c874-eccc-4352-acaa-744c4bec2f78&thumb
백원서원,대구 동구,042-662-2363,"['경상권', '관광지', '교과서속여행', '백원서원', '서원', '역사', '역사공부', '역사관광지']",https://cdn.visitkorea.or.kr/img/call?cmd=VIEW&id=f1c1b512-0bde-4cf5-9ca9-4bf7bf99f72a&thumb
구암서원,대구 북구,053-665-4326,"['경상권', '관광지', '교과서속여행', '구암서원', '서원', '역사', '역사공부', '역사관광지']",https://cdn.visitkorea.or.kr/img/call?cmd=VIEW&id=5a524226-d6a9-4212-a1bf-e9087837e639&thumb
구암팜스테이마을,대구 동구,053-984-5273,"['가족체험', '관광지', '농촌', '농촌체험', '농촌체험여행', '농촌체험학습', '농촌테마파크']",https://cdn.visitkorea.or.kr/img/call?cmd=VIEW&id=4004e3c3-88fa-448e-a7ab-b534a83c7eb5&thumb
화원동산,대구 달성군,053-635-7111,"['가족여행', '걷기여행', '관광지', '나들이', '아이와함께', '연인과함께', '인생샷']",https://cdn.visitkorea.or.kr/img/call?cmd=VIEW&id=49a1d0e8-8964-446e-be0e-5dda3d7d94a3&thumb
중리동 곱창골목,대구 서구,,"['곱창골목', '곱창맛집', '곱창전골', '관광지', '남녀노소', '대구가볼만한곳', '대구맛집']",https://cdn.visitkorea.or.kr/img/call?cmd=VIEW&id=3a55c94a-74d0-490c-9f4e-aa117ece641e&thumb
한천서원,대구 달성군,053-667-2194,"['경상권', '관광지', '교과서속여행', '서원', '역사', '역사공부', '역사관광지', '역사를품은곳']",https://cdn.visitkorea.or.kr/img/call?cmd=VIEW&id=6cc9ab4b-6db1-4e5b-8d63-cd5937c0da11&thumb
매양서원,대구 북구,053-665-4326,"['경상권', '관광지', '교과서속여행', '매양서원', '서원', '역사', '역사공부', '역사관광지']",https://cdn.visitkorea.or.kr/img/call?cmd=VIEW&id=452f2dff-938c-4726-b651-20014ef71e5e&thumb
에코테마파크 대구숲,대구 달성군,053-761-7400,"['관광지', '에코테마파크', '이색체험']",https://cdn.visitkorea.or.kr/img/call?cmd=VIEW&id=01cec689-b53a-4a8f-ad76-df1eda15945a&thumb
망우당공원,대구 동구,053-662-2861,"['가족여행', '관광지', '교과서속여행', '기념관', '나들이', '망우당공원', '아이와함께']",https://cdn.visitkorea.or.kr/img/call?cmd=VIEW&id=35d86778-6d15-447d-a97e-a9a9271756fc&thumb
칠곡향교,대구 북구,053-322-0430,"['경상권', '관광지', '교과서속여행', '역사', '역사공부', '역사관광지', '역사를품은곳']",https://cdn.visitkorea.or.kr/img/call?cmd=VIEW&id=05909afd-8db9-4c70-9878-c8e9e2cc2af2&thumb
사효자굴,대구 달성군,053-668-3162,"['관광지', '사효굴', '사효자굴', '사효자비', '역사', '역사공부', '역사관광지', '역사를품은곳']",https://cdn.visitkorea.or.kr/img/call?cmd=VIEW&id=9369e7d5-0802-45ae-ae3b-17835b0e10e0&thumb
달성하천습지,대구 달성군,053-592-8852,"['걷기길', '경상권', '관광지', '낙동강', '달성습지', '달성하천습지', '대명천', '생태관광']",https://cdn.visitkorea.or.kr/img/call?cmd=VIEW&id=06c19891-dd3a-44d8-83f2-6eb6e7189f17&thumb
대구 동성로거리,대구 중구,053-627-1337,"['관광지', '남녀노소', '대구가볼만한곳', '대구당일코스', '대구여행', '동성로']",https://cdn.visitkorea.or.kr/img/call?cmd=VIEW&id=11645cc5-31f9-45ed-8d27-73e6d5d38351&thumb
대명공연문화거리,대구 남구,053-664-3263,"['거리공연', '관광지', '국악공연', '남녀노소', '데이트', '문화거리', '야외공연']",https://cdn.visitkorea.or.kr/img/call?cmd=VIEW&id=41c6cacd-afab-4f71-b413-135de30e377c&thumb
열락당,대구 달서구,053-635-7775,"['경상권', '관광지', '교과서속여행', '역사', '역사공부', '역사관광지', '역사를품은곳']",https://cdn.visitkorea.or.kr/img/call?cmd=VIEW&id=176e458e-eddc-490b-b6ff-d6ee281586a9&thumb
한천서원,대구 달성군,053-667-2194,"['경상권', '관광지', '교과서속여행', '서원', '역사', '역사공부', '역사관광지', '역사를품은곳']",https://cdn.visitkorea.or.kr/img/call?cmd=VIEW&id=6cc9ab4b-6db1-4e5b-8d63-cd5937c0da11&thumb
매양서원,대구 북구,053-665-4326,"['경상권', '관광지', '교과서속여행', '매양서원', '서원', '역사', '역사공부', '역사관광지']",https://cdn.visitkorea.or.kr/img/call?cmd=VIEW&id=452f2dff-938c-4726-b651-20014ef71e5e&thumb
에코테마파크 대구숲,대구 달성군,053-761-7400,"['관광지', '에코테마파크', '이색체험']",https://cdn.visitkorea.or.kr/img/call?cmd=VIEW&id=01cec689-b53a-4a8f-ad76-df1eda15945a&thumb
망우당공원,대구 동구,053-662-2861,"['가족여행', '관광지', '교과서속여행', '기념관', '나들이', '망우당공원', '아이와함께']",https://cdn.visitkorea.or.kr/img/call?cmd=VIEW&id=35d86778-6d15-447d-a97e-a9a9271756fc&thumb
칠곡향교,대구 북구,053-322-0430,"['경상권', '관광지', '교과서속여행', '역사', '역사공부', '역사관광지', '역사를품은곳']",https://cdn.visitkorea.or.kr/img/call?cmd=VIEW&id=05909afd-8db9-4c70-9878-c8e9e2cc2af2&thumb
사효자굴,대구 달성군,053-668-3162,"['관광지', '사효굴', '사효자굴', '사효자비', '역사', '역사공부', '역사관광지', '역사를품은곳']",https://cdn.visitkorea.or.kr/img/call?cmd=VIEW&id=9369e7d5-0802-45ae-ae3b-17835b0e10e0&thumb
달성하천습지,대구 달성군,053-592-8852,"['걷기길', '경상권', '관광지', '낙동강', '달성습지', '달성하천습지', '대명천', '생태관광']",https://cdn.visitkorea.or.kr/img/call?cmd=VIEW&id=06c19891-dd3a-44d8-83f2-6eb6e7189f17&thumb
대구 동성로거리,대구 중구,053-627-1337,"['관광지', '남녀노소', '대구가볼만한곳', '대구당일코스', '대구여행', '동성로']",https://cdn.visitkorea.or.kr/img/call?cmd=VIEW&id=11645cc5-31f9-45ed-8d27-73e6d5d38351&thumb
대명공연문화거리,대구 남구,053-664-3263,"['거리공연', '관광지', '국악공연', '남녀노소', '데이트', '문화거리', '야외공연']",https://cdn.visitkorea.or.kr/img/call?cmd=VIEW&id=41c6cacd-afab-4f71-b413-135de30e377c&thumb
열락당,대구 달서구,053-635-7775,"['경상권', '관광지', '교과서속여행', '역사', '역사공부', '역사관광지', '역사를품은곳']",https://cdn.visitkorea.or.kr/img/call?cmd=VIEW&id=176e458e-eddc-490b-b6ff-d6ee281586a9&thumb
고산서당,대구 수성구,053-666-4927,"['경상권', '고산서당', '관광지', '대구광역시문화재자료', '역사', '역사공부', '역사관광지']",https://cdn.visitkorea.or.kr/img/call?cmd=VIEW&id=56525b36-d224-4f82-adfe-7444dd931d08&thumb
대구 북구문화원,대구 북구,053-326-2553,"['경상권', '관광지', '대구북구문화원', '무장애', '문화시설', '문화원', '지역문화']",https://cdn.visitkorea.or.kr/img/call?cmd=VIEW&id=5cbc1a15-96b1-4a53-bca0-0c27a2327c05&thumb
단산 저수지,대구 동구,053-627-1337,"['걷기길', '경치좋은곳', '관광지', '산책코스', '산책하기좋은곳', '자연', '자연관광지']",https://cdn.visitkorea.or.kr/img/call?cmd=VIEW&id=019a7a19-3515-4018-99ae-6d9b93384ce9&thumb
현풍향교,대구 달성군,053-668-3162,"['경상권', '관광지', '역사', '역사공부', '역사관광지', '역사를품은곳', '역사문화재']",https://cdn.visitkorea.or.kr/img/call?cmd=VIEW&id=dfd1d8a4-5a4a-41ca-a7d7-b464bed56c1c&thumb
용호서원,대구 달성군,053-668-3162,"['관광지', '역사', '역사공부', '역사관광지', '역사를품은곳', '역사문화재', '역사속']",https://cdn.visitkorea.or.kr/img/call?cmd=VIEW&id=445a8ff8-45a3-4d36-af32-37d03174fdc7&thumb
달성(현풍)사직단,대구 달성군,053-668-3162,"['관광지', '역사', '역사공부', '역사관광지', '역사를품은곳', '역사문화재', '역사속']",https://cdn.visitkorea.or.kr/img/call?cmd=VIEW&id=3929cb2e-efe8-423d-b3b3-003351840cf0&thumb
화암서원,대구 북구,053-665-4326,"['경상권', '관광지', '교과서속여행', '서원', '역사', '역사공부', '역사관광지', '역사를품은곳']",https://cdn.visitkorea.or.kr/img/call?cmd=VIEW&id=b490256d-6307-4451-8123-1b160b1f6163&thumb
서계서원,대구 북구,053-665-4326,"['경상권', '관광지', '교과서속여행', '서계서원', '서원', '역사', '역사공부', '역사관광지']",https://cdn.visitkorea.or.kr/img/call?cmd=VIEW&id=5dcb54eb-4bce-4aa9-81ff-e8b450705eca&thumb
남지장사(대구),대구 달성군,053-768-9920,"['경상권', '관광지', '남지장사', '불교', '불교문화', '사찰', '사찰여행', '역사', '연중무휴']",https://cdn.visitkorea.or.kr/img/call?cmd=VIEW&id=dbf5f456-80a8-449e-ad74-349635776909&thumb
인산정사,대구 달서구,053-667-2194,"['경상권', '관광지', '교과서속여행', '역사', '역사공부', '역사관광지', '역사를품은곳']",https://cdn.visitkorea.or.kr/img/call?cmd=VIEW&id=24698a88-6dc2-4e2e-ae25-a53cd5b9fbd1&thumb
달성 조길방가옥,대구 달성군,053-668-3162,"['경상권', '고택', '관광지', '교과서속여행', '문화재', '역사', '역사공부', '역사관광지']",https://cdn.visitkorea.or.kr/img/call?cmd=VIEW&id=6e157c16-c95f-42dd-8770-c79b7d428435&thumb
대구 고모령비,대구 수성구,053-666-4922,"['걷기', '고모역', '관광지', '산책코스', '산책하기좋은곳', '아이와함께', '역사공부']",https://cdn.visitkorea.or.kr/img/call?cmd=VIEW&id=d4a9699e-f00f-4022-95f8-38dc8830ac84&thumb
덕산서원(대구),대구 수성구,053-666-4927,"['관광지', '역사', '역사공부', '역사관광지', '역사를품은곳', '역사문화재', '역사속']",https://cdn.visitkorea.or.kr/img/call?cmd=VIEW&id=4d00e2f5-f247-4952-9917-7887ca27f0ef&thumb
한국패션산업연구원,대구 동구,053-721-7400,"['견학', '경상권', '관광지', '산업관광', '산업관광지', '이색체험', '체험학습', '한국패션산업연구원']",https://cdn.visitkorea.or.kr/img/call?cmd=VIEW&id=f07bac63-fdf8-4030-8257-387d1ce9e58a&thumb
봉무정,대구 동구,053-662-2362,"['경상권', '관광지', '교과서속여행', '문화재', '봉무정', '역사', '역사공부', '역사관광지']",https://cdn.visitkorea.or.kr/img/call?cmd=VIEW&id=8f99e047-9d9e-475f-b7dc-710e7fd9dc99&thumb
첨모재·사효당,대구 달서구,053-667-2194,"['관광지', '역사', '역사공부', '역사관광지', '역사를품은곳', '역사문화재', '역사속']",https://cdn.visitkorea.or.kr/img/call?cmd=VIEW&id=1607969f-a144-4fd6-b50a-3a96a965aa6c&thumb
박곡서당,대구 달성군,053-668-3162,"['경상권', '관광지', '교과서속여행', '박곡서당', '역사', '역사공부', '역사관광지']",https://cdn.visitkorea.or.kr/img/call?cmd=VIEW&id=f3c8608a-3314-4030-97d2-8b756a3a04ba&thumb
달성 태고정,대구 달성군,053-668-3162,"['관광지', '역사', '역사공부', '역사관광지', '역사를품은곳', '역사를품은곳', '역사문화재']",https://cdn.visitkorea.or.kr/img/call?cmd=VIEW&id=1dfcc29a-0ff4-45de-bf88-f3acd7c58e3e&thumb
독무재,대구 수성구,053-666-4927,"['관광지', '역사', '역사공부', '역사관광지', '역사를품은곳', '역사문화재', '역사속']",https://cdn.visitkorea.or.kr/img/call?cmd=VIEW&id=b2cad45a-1a7c-4013-a2a9-2a8ff0b41b6a&thumb
최정산,대구 달성군,053-668-2850,"['관광지', '자연']",https://cdn.visitkorea.or.kr/img/call?cmd=VIEW&id=897531c6-026f-4171-9de7-6cb6d318d0d7&thumb
큰장길 침구류 명물거리,대구 서구,,"['관광지', '남녀노소', '대구가볼만한곳', '도매시장', '도소매점', '서문시장', '소매상']",https://cdn.visitkorea.or.kr/img/call?cmd=VIEW&id=319d0de0-8c38-4eec-a5b5-165581bda35c&thumb
현풍포교당,대구 달성군,053-614-3115,"['관광지', '불교', '불교문화', '사찰', '사찰여행', '역사', '자연속으로', '자연환경']",https://cdn.visitkorea.or.kr/img/call?cmd=VIEW&id=6eb801b1-7fce-45d6-8aba-9ccecabd5911&thumb
남산동 가톨릭타운(대구),대구 중구,053-250-3000,"['관광지', '체험']",https://cdn.visitkorea.or.kr/img/call?cmd=VIEW&id=2388a6d6-aa02-4117-af2b-6f4ef42f975e&thumb
수도암(대구),대구 달성군,053-614-5116,"['관광지', '불교', '불교문화', '사찰', '사찰여행', '역사', '자연속으로', '자연환경']",https://cdn.visitkorea.or.kr/img/call?cmd=VIEW&id=e2fa8041-d222-4696-843c-abf06e536faa&thumb
소계정,대구 달성군,053-668-3162,"['경상권', '관광지', '대구광역시문화재자료', '소계정', '역사', '역사유적지']",https://cdn.visitkorea.or.kr/img/call?cmd=VIEW&id=2ef58918-f9fb-4785-b3fb-cc967b7dcab8&thumb
청련암(대구),대구 달성군,053-768-8126,"['관광지', '역사', '역사공부', '역사관광지', '역사를품은곳', '역사문화재', '역사속']",https://cdn.visitkorea.or.kr/img/call?cmd=VIEW&id=59e4645c-68ba-48de-a1a8-e39a49b8fbe8&thumb
수봉정사,대구 달성군,053-668-3162,"['관광지', '역사', '역사공부', '역사관광지', '역사를품은곳', '역사문화재', '역사속']",https://cdn.visitkorea.or.kr/img/call?cmd=VIEW&id=80f563cb-62f9-4b68-a2f8-6bd43f950dfa&thumb
회진당원의대사지비,대구 동구,053-984-4550,"['관광지', '역사', '역사공부', '역사관광지', '역사를품은곳', '역사문화재', '역사속']",https://cdn.visitkorea.or.kr/img/call?cmd=VIEW&id=f28e6400-3853-4549-820d-9341985fc72f&thumb
성재서당,대구 동구,053-662-2362,"['경상권', '관광지', '교과서속여행', '문화재', '성재서당', '역사', '역사공부', '역사관광지']",https://cdn.visitkorea.or.kr/img/call?cmd=VIEW&id=f8863980-43cb-4103-9d3e-b7d9c4a84efd&thumb
이양서원,대구 달성군,053-668-3162,"['관광지', '역사', '역사공부', '역사관광지', '역사를품은곳', '역사문화재', '역사속']",https://cdn.visitkorea.or.kr/img/call?cmd=VIEW&id=827b069b-350b-465f-b890-48e87c8939cc&thumb
진주강씨모열각,대구 달성군,053-668-3162,"['관광지', '역사', '역사공부', '역사관광지', '역사를품은곳', '역사문화재', '역사속']",https://cdn.visitkorea.or.kr/img/call?cmd=VIEW&id=7fe4a229-3c96-4dea-89aa-bcd5b792c37e&thumb
인흥서원,대구 달성군,053-668-3162,"['관광지', '역사', '역사공부', '역사관광지', '역사를품은곳', '역사문화재', '역사속']",https://cdn.visitkorea.or.kr/img/call?cmd=VIEW&id=48f936c2-ae86-40a5-b6c1-70f4bf094b69&thumb
이공제비 및 군수이후범선영세불망비,대구 수성구,031-228-4416,"['관광지', '역사', '역사공부', '역사관광지', '역사를품은곳', '역사문화재', '역사속']",https://cdn.visitkorea.or.kr/img/call?cmd=VIEW&id=22394845-5043-4521-a96f-81b98bf93266&thumb
대구부수성비,대구 수성구,053-666-4923,"['관광지', '역사', '역사공부', '역사관광지', '역사를품은곳', '역사문화재', '역사속']",https://cdn.visitkorea.or.kr/img/call?cmd=VIEW&id=7c77a7f5-37f7-4ebe-ad70-ccfbac6a12b6&thumb
평광동 사과마을,대구 동구,,"['가족과함께', '가족이색체험', '관광지', '남녀노소', '아이와함께', '이색체험']",https://cdn.visitkorea.or.kr/img/call?cmd=VIEW&id=f964aa95-219a-4c43-9a03-a509243f0abb&thumb
청호서원,대구 수성구,053-666-4927,"['관광지', '역사', '역사공부', '역사관광지', '역사를품은곳', '역사문화재', '역사속']",https://cdn.visitkorea.or.kr/img/call?cmd=VIEW&id=885cac34-ee70-4de0-95b9-38ce368089ac&thumb
원호루,대구 달성군,053-668-3162,"['경상권', '관광지', '역사', '역사공부', '역사를품은곳', '역사문화재', '역사속으로']",https://cdn.visitkorea.or.kr/img/call?cmd=VIEW&id=ac5ced01-a3f2-4ef4-9b83-17994b42acbd&thumb
도곡재,대구 달성군,053-668-3162,"['관광지', '역사', '역사공부', '역사관광지', '역사를품은곳', '역사문화재', '역사속']",https://cdn.visitkorea.or.kr/img/call?cmd=VIEW&id=03171616-42e4-4a34-893b-c4ce0fedf90d&thumb
충효당,대구 달성군,053-668-3162,"['관광지', '역사', '역사공부', '역사관광지', '역사를품은곳', '역사문화재', '역사속']",https://cdn.visitkorea.or.kr/img/call?cmd=VIEW&id=01774f6f-92d5-4858-aa4c-227b9bdf098e&thumb
영영축성비,대구 수성구,053-666-4923,"['관광지', '역사', '역사공부', '역사관광지', '역사를품은곳', '역사문화재', '역사속']",https://cdn.visitkorea.or.kr/img/call?cmd=VIEW&id=939bd621-6db3-42e6-baf6-fa1d0ece318b&thumb
문창공영당,대구 동구,053-662-2362,"['관광지', '역사', '역사공부', '역사관광지', '역사를품은곳', '역사문화재', '역사속']",https://cdn.visitkorea.or.kr/img/call?cmd=VIEW&id=72dfb42a-c3fe-4c9c-9b55-9d044873193e&thumb
도성암,대구 달성군,053-614-9167,"['관광지', '불교', '불교문화', '사찰', '사찰여행', '역사', '자연속으로', '자연환경']",https://cdn.visitkorea.or.kr/img/call?cmd=VIEW&id=57d06af7-5c00-41ca-b61a-32fe9ee83601&thumb
이강서원,대구 달성군,053-668-3162,"['관광지', '역사', '역사공부', '역사관광지', '역사를품은곳', '역사문화재', '역사속']",https://cdn.visitkorea.or.kr/img/call?cmd=VIEW&id=2806fbaf-041b-4886-b007-ecc8e9166607&thumb
도성암 3층석탑,대구 달성군,053-614-9167,"['관광지', '불교', '불교문화', '사찰여행', '역사', '역사공부', '역사를품은곳', '역사속']",https://cdn.visitkorea.or.kr/img/call?cmd=VIEW&id=9a2d1ecd-8eee-4ab4-abef-301a3ff59ccd&thumb
해안팜스테이,대구 동구,,"['관광지', '체험']",https://cdn.visitkorea.or.kr/img/call?cmd=VIEW&id=fdc0071b-2d49-4794-99ce-b8790a6a2316&thumb
송담서원(대구),대구 달성군,053-668-3162,"['관광지', '역사', '역사공부', '역사관광지', '역사를품은곳', '역사문화재', '역사속']",https://cdn.visitkorea.or.kr/img/call?cmd=VIEW&id=f3622a76-96f1-4da0-9efd-57441ec252fb&thumb
하늘호수(대구),대구 중구,053-253-2380,"['건강여행', '관광지', '남녀노소', '대구가볼만한곳', '아이와함께', '이색체험']",https://cdn.visitkorea.or.kr/img/call?cmd=VIEW&id=4abe18c6-e87d-4fc9-a8d8-28dc58352a13&thumb
임휴사,대구 달서구,053-632-4844,"['관광지', '불교', '불교문화', '사찰', '사찰여행', '역사', '자연속으로', '자연환경']",https://cdn.visitkorea.or.kr/img/call?cmd=VIEW&id=null&thumb
물레책방,대구 수성구,053-753-0423,"['관광지', '남녀노소', '독서공간', '독서여행', '독서회', '문화공간', '복합문화공간']",https://cdn.visitkorea.or.kr/img/call?cmd=VIEW&id=8820a68d-bc0e-41c8-ae82-d4197f414062&thumb
공항교강변공원,대구 북구,053-627-1337,"['관광지', '도심산책', '산책길', '산책코스', '산책하기', '산책하기좋은곳', '자연좋은곳']",https://cdn.visitkorea.or.kr/img/call?cmd=VIEW&id=16805a5e-b5d4-429f-978c-232aff6ec4c4&thumb
리조트 스파밸리,대구 달성군,1688-8511,"['가족과함께', '관광지', '국내힐링여행', '스파밸리', '연인과함께', '휴식공간']",https://cdn.visitkorea.or.kr/img/call?cmd=VIEW&id=bfa186fc-e57d-4dee-9da7-e57e07395b22&thumb
나불지 생태공원,대구 동구,053-662-3146,"['관광지', '나불지', '생태공원', '자연관광지']",https://cdn.visitkorea.or.kr/img/call?cmd=VIEW&id=18956835-dc7d-41a1-ae84-aee33d67cb00&thumb
내곡 모감주나무군락,대구 동구,053-662-4103,"['관광지', '대구광역시기념물', '모감주나무군락', '자연관광지']",https://cdn.visitkorea.or.kr/img/call?cmd=VIEW&id=70965a44-225a-4c82-9e82-1de16da662f0&thumb
구암동 고분군,대구 북구,053-325-2344,['관광지'],https://cdn.visitkorea.or.kr/img/call?cmd=VIEW&id=78331191-2e13-4680-bf95-eafe9ad9b2ec&thumb
